{
  "Payload": {
    "event":{
      "key1":"value1","key2":"value2","key3":"value3"
    },
    "context":{
      "callbackWaitsForEmptyEventLoop":true,"logGroupName":"/aws/lambda/zs-lambda-mizu",
      "logStreamName":"2017/08/28/[$LATEST]3449fd0681b043d7865be324aa112e55",
      "functionName":"zs-lambda-mizu",
      "memoryLimitInMB":"1536",
      "functionVersion":"$LATEST",
      "clientContext":{"custom":{"foo":"bar"},"client":{"snap":["crackle","pop"]},"env":{"fizz":"buzz"}},
      "invokeid":"a3b1dd71-8b95-11e7-861f-4364d8cb92e9",
      "awsRequestId":"a3b1dd71-8b95-11e7-861f-4364d8cb92e9",
      "invokedFunctionArn":"arn:aws:lambda:ap-northeast-1:276381540351:function:zs-lambda-mizu"
    }
  }
}
